input file,variables,constraints,f,setup,linear,integer,cleanup,total,user,system,maximum resident set size (kb)
input/test_n1000_m100000_f2_no1.utv,1000,100000,2,0.316823,24.584169,0.075756,0.045198,25.021946,24.94,0.08,17124
input/test_n1000_m100000_f2_no2.utv,1000,100000,2,0.300646,25.638101,0.072728,0.045523,26.056998,25.99,0.07,17096
input/test_n1000_m100000_f2_no3.utv,1000,100000,2,0.304450,25.972211,0.075825,0.049091,26.401577,26.32,0.09,17120
input/test_n2000_m100000_f2_no1.utv,2000,100000,