input file,variables,constraints,f,setup,linear,integer,cleanup,total,user,system,maximum resident set size (kb)
input/test_n1000_m100000_f2_no1.utv,1000,100000,2,0.281484,21.259608,0.067489,0.000399,21.608980,21.48,0.13,17040
input/test_n1000_m100000_f2_no2.utv,1000,100000,2,0.283480,24.294985,0.065315,0.000440,24.644220,24.55,0.09,17104
input/test_n1000_m100000_f2_no3.utv,1000,100000,2,0.291867,24.859234,0.067437,0.000439,25.218977,25.12,0.10,17072
input/test_n2000_m100000_f2_no1.utv,2000,100000,2,0.300291,50.117140,0.063546,0.000468,50.481445,50.40,0.08,17200
input/test_n2000_m100000_f2_no2.utv,2000,100000,