input file,variables,constraints,f,setup,linear,integer,cleanup,total,user,system,maximum resident set size (kb)
input/test_n1000_m100000_f1_no1.utv,1000,100000,1,0.307665,25.025741,0.113108,0.045621,25.492135,25.38,0.11,17420
input/test_n1000_m100000_f1_no2.utv,1000,100000,1,0.302207,26.001741,0.118982,0.047857,26.470787,26.36,0.11,17412
input/test_n1000_m100000_f1_no3.utv,1000,100000,2,0.300393,26.159447,0.079766,0.047736,26.587342,26.50,0.08,17144
input/test_n2000_m100000_f1_no1.utv,2000,100000,